[
    {
        "NOTE": "ALL VERSIONS BEFORE 1.9.5 INCLUDED WILL BE REMOVED FROM THIS API WHEN 2.0.0 COMES OUT, THIS INCLUDES SNAPSHOTS TOO.",

        "versions": {
            "builds": {
                "1": "1.9.0",
                "2": "1.9.1",
                "3": "1.9.2",
                "4": "1.9.3",
                "5": "1.9.4",
                "6": "1.9.5",
                "7": "1.9.6",
                "8": "1.9.8",
                "9": "1.9.9"
            }
        },
        "snapshots": {
            "builds": {
                "1": "1.9.4-SNAPSHOT-1",
                "2": "1.9.4-SNAPSHOT-2",
                "3": "1.9.5-SNAPSHOT-1",
                "4": "1.9.5-SNAPSHOT-2",
                "5": "1.9.9-SNAPSHOT-1",
                "6": "1.9.9-SNAPSHOT-2",
                "7": "1.9.9-SNAPSHOT-3",
                "8": "2.0.0-SNAPSHOT-1"
            }
        }
    }
]